{"cameraMode":{"drawMode":0,"name":"Shaded","section":"Shading Mode"},"sceneLighting":false,"audioPlay":false,"sceneViewState":{"m_AlwaysRefresh":false,"showFog":true,"showSkybox":false,"showFlares":true,"showImageEffects":true,"showParticleSystems":true,"showVisualEffectGraphs":true,"m_FxEnabled":true},"in2DMode":false,"pivot":{"x":-3.797736406326294,"y":0.8958654999732971,"z":1.1617566347122193},"rotation":{"x":0.030134202912449838,"y":-0.7120094895362854,"z":0.030538519844412805,"w":0.7010158896446228},"size":1.7134757041931153,"orthographic":false}