{"cameraMode":{"drawMode":0,"name":"Shaded","section":"Shading Mode"},"sceneLighting":false,"audioPlay":false,"sceneViewState":{"m_AlwaysRefresh":false,"showFog":true,"showSkybox":false,"showFlares":true,"showImageEffects":true,"showParticleSystems":true,"showVisualEffectGraphs":true,"m_FxEnabled":true},"in2DMode":false,"pivot":{"x":-1.8450000286102296,"y":1.1349999904632569,"z":0.06000000238418579},"rotation":{"x":0.10269343852996826,"y":0.4417985677719116,"z":-0.05102522298693657,"w":0.8898783922195435},"size":0.30822068452835085,"orthographic":false}