{"cameraMode":{"drawMode":0,"name":"Shaded","section":"Shading Mode"},"sceneLighting":true,"audioPlay":false,"sceneViewState":{"m_AlwaysRefresh":false,"showFog":true,"showSkybox":true,"showFlares":true,"showImageEffects":true,"showParticleSystems":true,"showVisualEffectGraphs":true,"m_FxEnabled":true},"in2DMode":false,"pivot":{"x":9.573193550109864,"y":0.801395058631897,"z":1.139277458190918},"rotation":{"x":-0.030447065830230714,"y":-0.9692113995552063,"z":0.18721958994865418,"w":-0.15779149532318116},"size":4.6414289474487309,"orthographic":false}