{"cameraMode":{"drawMode":0,"name":"Shaded","section":"Shading Mode"},"sceneLighting":false,"audioPlay":false,"sceneViewState":{"m_AlwaysRefresh":false,"showFog":true,"showSkybox":false,"showFlares":true,"showImageEffects":true,"showParticleSystems":true,"showVisualEffectGraphs":true,"m_FxEnabled":true},"in2DMode":false,"pivot":{"x":0.000006854534149169922,"y":-0.00004518777132034302,"z":-0.06655067205429077},"rotation":{"x":0.4156881272792816,"y":0.5631040334701538,"z":-0.39237725734710696,"w":0.5969704389572144},"size":0.16269615292549134,"orthographic":false}