{"cameraMode":{"drawMode":0,"name":"Shaded","section":"Shading Mode"},"sceneLighting":false,"audioPlay":false,"sceneViewState":{"m_AlwaysRefresh":false,"showFog":true,"showSkybox":false,"showFlares":true,"showImageEffects":true,"showParticleSystems":true,"showVisualEffectGraphs":true,"m_FxEnabled":true},"in2DMode":false,"pivot":{"x":-0.2518494725227356,"y":0.2580857574939728,"z":0.3926416337490082},"rotation":{"x":0.24792830646038056,"y":0.45731961727142336,"z":-0.13450564444065095,"w":0.8435211181640625},"size":1.1381146907806397,"orthographic":false}