{"cameraMode":{"drawMode":0,"name":"Shaded","section":"Shading Mode"},"sceneLighting":false,"audioPlay":false,"sceneViewState":{"m_AlwaysRefresh":false,"showFog":true,"showSkybox":false,"showFlares":true,"showImageEffects":true,"showParticleSystems":true,"showVisualEffectGraphs":true,"m_FxEnabled":true},"in2DMode":false,"pivot":{"x":-0.0009902305901050568,"y":0.000515427440404892,"z":-0.05645018815994263},"rotation":{"x":0.19662271440029145,"y":-0.2253846824169159,"z":0.046445123851299289,"w":0.9532077312469482},"size":0.3757975697517395,"orthographic":false}