{"cameraMode":{"drawMode":0,"name":"Shaded","section":"Shading Mode"},"sceneLighting":false,"audioPlay":false,"sceneViewState":{"m_AlwaysRefresh":false,"showFog":true,"showSkybox":false,"showFlares":true,"showImageEffects":true,"showParticleSystems":true,"showVisualEffectGraphs":true,"m_FxEnabled":true},"in2DMode":false,"pivot":{"x":-0.0002338215708732605,"y":0.000039927661418914795,"z":-0.055867165327072147},"rotation":{"x":0.4156881272792816,"y":0.5631040334701538,"z":-0.39237725734710696,"w":0.5969704389572144},"size":0.18003103137016297,"orthographic":false}