{"cameraMode":{"drawMode":0,"name":"Shaded","section":"Shading Mode"},"sceneLighting":false,"audioPlay":false,"sceneViewState":{"m_AlwaysRefresh":false,"showFog":true,"showSkybox":false,"showFlares":true,"showImageEffects":true,"showParticleSystems":true,"showVisualEffectGraphs":true,"m_FxEnabled":true},"in2DMode":false,"pivot":{"x":-0.0009335875511169434,"y":0.00022950395941734314,"z":-0.015463173389434815},"rotation":{"x":0.4156881272792816,"y":0.5631040334701538,"z":-0.39237725734710696,"w":0.5969704389572144},"size":0.12112689763307572,"orthographic":false}